"Country,Other",TotalCases,TotalDeaths
USA,111820082,
India,45035393,
France,40138560,
Germany,38828995,
Brazil,38743918,
S. Korea,34571873,
Japan,33803572,
Italy,26723249,
UK,24910387,
Russia,24124215,
Turkey,17232066,
Spain,13914811,
Australia,11853144,
Vietnam,11625195,
Taiwan,10241523,
Argentina,10128845,
Netherlands,8635786,
Mexico,7702809,
Iran,7627186,
Indonesia,6829221,
Poland,6661991,
Colombia,6400173,
Greece,6101379,
Austria,6081287,
Portugal,5643062,
Ukraine,5557995,
Chile,5384853,
Malaysia,5278406,
Canada,4946090,
Belgium,4861695,
Israel,4841772,
DPRK,4772813,74.0
Thailand,4770149,
Czechia,4759041,
Peru,4572667,
Switzerland,4453053,
Philippines,4140383,
South Africa,4076463,
Romania,3529735,
Denmark,3183756,
Singapore,3006155,
Hong Kong,2937609,
Sweden,2754129,
New Zealand,2621111,
Serbia,2615054,
Iraq,2465545,
Hungary,2230232,
Bangladesh,2049377,
Slovakia,1877605,
Georgia,1861665,
Jordan,1746997,
Ireland,1734582,
Pakistan,1581936,
Finland,1516117,
Norway,1509732,
Kazakhstan,1411831,
Lithuania,1397806,
Slovenia,1356546,
Bulgaria,1339851,
Croatia,1309728,
Guatemala,1291293,
Morocco,1278992,
Lebanon,1243838,
Costa Rica,1238883,
Bolivia,1212131,
Tunisia,1153361,
Cuba,1115251,
Ecuador,1070188,
UAE,1067030,
Panama,1059893,
Uruguay,1041111,
Mongolia,1011496,
Nepal,1003450,
Belarus,994037,
Latvia,982505,
Saudi Arabia,841469,
Paraguay,837602,
Azerbaijan,835234,
Bahrain,729549,
Cyprus,681110,
Dominican Republic,675890,
Sri Lanka,672754,
Kuwait,667158,
Myanmar,641873,
Moldova,635145,
Estonia,628070,
Palestine,621008,
Venezuela,552695,
Egypt,516023,
Qatar,514524,690.0
Libya,507274,
Ethiopia,501157,
Réunion,494595,921.0
Honduras,474590,
Armenia,451831,
Bosnia and Herzegovina,403615,
Oman,399449,
Luxembourg,391232,
North Macedonia,350567,
Zambia,349304,
Kenya,344130,
Brunei ,343719,225.0
Albania,334863,
Botswana,330638,
Montenegro,296542,
Algeria,272010,
Nigeria,267188,
Zimbabwe,266359,
Uzbekistan,253662,
Afghanistan,234174,
Mozambique,233731,
Martinique,230354,
Laos,218970,758.0
Iceland,209906,229.0
Kyrgyzstan,206897,
Guadeloupe,203235,
El Salvador,201855,
Trinidad and Tobago,191496,
Maldives,186694,316.0
Namibia,172389,
Uganda,172149,
Ghana,171889,
Jamaica,156869,
Cambodia,139103,
Rwanda,133518,
Cameroon,125379,
Malta,121420,885.0
Barbados,110578,648.0
Angola,107327,
Channel Islands,101717,228.0
DRC,99338,
French Guiana,98041,420.0
Malawi,89535,
Senegal,89053,
Ivory Coast,88384,835.0
Suriname,82588,
New Caledonia,80064,314.0
French Polynesia,79254,650.0
Eswatini,75191,
Guyana,74137,
Belize,71409,688.0
Fiji,69117,885.0
Madagascar,68486,
Cabo Verde,64477,417.0
Sudan,63993,
Mauritania,63848,997.0
Bhutan,62697,21.0
Syria,57743,
Burundi,54721,38.0
Seychelles,51220,172.0
Gabon,49051,307.0
Andorra,48015,165.0
Papua New Guinea,46864,670.0
Curaçao,45986,295.0
Aruba,44224,292.0
Tanzania,43223,846.0
Mauritius,43025,
Mayotte,42027,188.0
Togo,39572,290.0
Guinea,38572,468.0
Bahamas,38084,844.0
Isle of Man,38008,116.0
Lesotho,36138,723.0
Haiti,34667,860.0
Faeroe Islands,34658,28.0
Mali,33164,743.0
Cayman Islands,31472,37.0
Saint Lucia,30215,410.0
Benin,28036,163.0
Macao,27673,123.0
Somalia,27334,
Micronesia,26547,65.0
San Marino,26185,128.0
Solomon Islands,25954,199.0
Congo,25375,386.0
Timor-Leste,23460,138.0
Burkina Faso,22114,400.0
Liechtenstein,21574,94.0
Gibraltar,20550,113.0
Grenada,19693,238.0
Bermuda,18860,165.0
South Sudan,18819,147.0
Nicaragua,18491,225.0
Tajikistan,17786,125.0
Equatorial Guinea,17229,183.0
Monaco,17181,67.0
Samoa,17006,31.0
Tonga,16950,13.0
Marshall Islands,16138,17.0
Dominica,16038,74.0
Djibouti,15690,189.0
CAR,15440,113.0
Gambia,12626,372.0
Saint Martin,12324,63.0
Vanuatu,12019,14.0
Greenland,11971,21.0
Yemen,11945,
Caribbean Netherlands,11682,38.0
Sint Maarten,11051,92.0
Eritrea,10189,103.0
Niger,9931,312.0
St. Vincent Grenadines,9674,124.0
Guinea-Bissau,9614,177.0
Comoros,9109,161.0
Antigua and Barbuda,9106,146.0
Liberia,8090,295.0
Sierra Leone,7779,126.0
Chad,7701,194.0
British Virgin Islands,7392,64.0
Cook Islands,7203,2.0
Sao Tome and Principe,6778,80.0
Turks and Caicos,6752,40.0
Saint Kitts and Nevis,6607,48.0
Palau,6290,10.0
St. Barth,5507,6.0
Nauru,5393,1.0
Kiribati,5085,24.0
Anguilla,3904,12.0
Wallis and Futuna,3550,8.0
Saint Pierre Miquelon,3452,2.0
Tuvalu,2943,1.0
Saint Helena,2166,
Falkland Islands,1930,
Montserrat,1403,8.0
Niue,1059,
Diamond Princess,712,13.0
Tokelau,80,
Vatican City,29,
Western Sahara,10,1.0
MS Zaandam,9,2.0
China,503302,
